,City,date,Hava.Sicakligi,PM10,NO,NO2,O3,Ruzgar.Hizi,Hava.Basinci
0,ANKARA,2008/02,-0.9551569506726457,89.78923766816143,,,,0.9910313901345291,918.0874439461884
1,ANKARA,2008/04,13.717546362339515,119.30670470756063,25.78688524590164,30.152011922503725,41.84126984126984,1.3680456490727533,914.3680456490728
2,ANKARA,2008/05,14.294416243654823,1177.65820642978,17.742138364779873,52.60796645702306,53.458333333333336,1.5431472081218274,906.1590524534687
3,ANKARA,2008/06,19.75,1607.0357142857142,6.472222222222222,39.94444444444444,47.76470588235294,1.8392857142857142,902.3392857142857
4,ANKARA,2008/07,23.310679611650485,43.85298196948683,7.320610687022901,41.804580152671754,91.78787878787878,1.2441054091539527,907.757281553398
5,ANKARA,2008/12,6.344086021505376,153.29569892473117,184.86516853932585,87.8314606741573,,1.3064516129032258,914.8172043010753
6,ANKARA,2009/04,12.069444444444445,74.72222222222223,39.0,82.8041958041958,34.75,1.5625,920.2222222222222
7,ANKARA,2009/06,21.755381604696673,40.29549902152642,10.443137254901961,39.950980392156865,,1.2309197651663406,908.7954990215264
8,ANKARA,2009/07,23.732758620689655,34.87931034482759,25.0,45.95043103448276,,0.9741379310344828,906.5193965517242
9,ANKARA,2009/12,5.065677966101695,84.53707627118644,118.21818181818182,66.93903743315508,12.355633802816902,2.1864406779661016,909.5105932203389
10,ANKARA,2010/01,2.8177847658979736,67.66212438853948,79.13339500462534,59.26919518963922,16.33731343283582,1.5948637316561844,914.2213487071978
11,ANKARA,2010/02,6.342365008709115,60.335784788078186,45.3996899911426,40.69198405668733,22.183435582822085,1.8941358622024385,910.3971356686666
12,ANKARA,2010/03,8.11846571622539,64.24541751527495,50.628697927148316,52.85443929937588,31.75925925925926,1.7817379497623897,914.8531907671419
13,ANKARA,2010/04,11.718493287918253,46.25185333600481,32.19406801329583,48.38711327026336,42.610161443494775,1.4964936886395512,915.9432979362853
14,ANKARA,2010/05,17.239819004524886,50.53092006033182,28.566739606126916,51.35065645514223,45.72187649593107,1.478318250377074,912.95116892911
15,ANKARA,2010/06,20.56979036015051,45.12058770829601,21.7742006615215,45.67056229327453,53.92830009496676,1.4608493101594697,911.2406378785164
16,ANKARA,2010/07,24.676253687315633,43.29369469026549,16.333922955974842,38.566627358490564,73.31651376146789,1.5619469026548674,912.2195796460177
17,ANKARA,2010/08,27.109984984984983,56.470908408408405,18.68784860557769,42.38227091633466,75.61496965610249,1.4395645645645645,912.542042042042
18,ANKARA,2010/09,21.508073817762398,53.099000384467516,30.001657589391428,39.77738432483475,50.74821973550356,1.585928489042676,914.9271434063821
19,ANKARA,2010/10,11.950246866691986,62.687998480820355,56.99337121212121,42.72419507575758,24.955963302752295,1.2426889479680971,917.2899734143563
20,ANKARA,2010/11,10.889513108614231,128.6350989834136,139.12970168612193,77.5037134119703,14.634744947064485,1.1075441412520064,920.6902086677368
21,ANKARA,2010/12,5.6890711356748085,99.69655910144411,103.37302248126561,63.24368581737441,164.01556064073228,1.3124108416547788,914.8965947584239
22,ANKARA,2011/01,1.552607994264205,73.23944890129054,103.83386046511627,107.27758139534883,16.933908045977013,1.4475712493278365,916.7406345223159
23,ANKARA,2011/02,2.2042621632488943,76.43839195979899,82.74136607828089,121.08825786646202,22.55233494363929,1.4847205468435867,913.8876156011258
24,ANKARA,2011/03,5.3352941176470585,72.97076648841355,67.07307171853857,114.19057284618854,29.201177625122668,1.6057040998217469,917.8910873440285
25,ANKARA,2011/04,9.313192904656319,50.60735402808574,29.059065934065934,43.22687728937729,33.38731304796287,1.765890613451589,911.4719142645972
26,ANKARA,2011/05,14.371304347826086,46.54747826086957,27.72461134665859,43.57863920856047,36.15320197044335,1.4834782608695651,914.3027826086957
27,ANKARA,2011/06,18.611078717201167,43.94033041788144,26.07893061744112,52.71207298960322,45.466431095406364,1.4542274052478135,912.7533527696793
28,ANKARA,2011/07,24.06369915579432,47.88584036838066,21.26688311688312,59.87619047619047,63.06591244466306,1.5721412125863392,911.493668457406
29,ANKARA,2011/08,23.808892514786866,37.49288829888109,15.64444944832245,46.68070254447196,58.18589743589744,3.44156638792576,916.3603843008995
30,ANKARA,2011/09,21.968108504398828,49.70986070381232,35.997577225923685,45.960226125580455,45.93793638479441,3.99358504398827,923.0552859253007
31,ANKARA,2011/10,12.049105512960935,72.13526834611172,79.5233665080052,44.716572912159236,18.0473017988008,3.4034381858083393,991.3041921213398
32,ANKARA,2011/11,3.8869501999272993,96.4885496183206,94.2211498111624,47.449223667645825,16.270761670761672,2.067892208063505,1006.6181453816724
33,ANKARA,2011/12,4.092239303574736,79.6494550652135,51.72174859423182,38.03301287865046,16.73595775324052,3.369327653269124,1019.7921837377293
34,ANKARA,2012/01,-0.3511874684183931,33.905222039473685,24.88374205267938,33.119663941871025,17.07,3.523496715512885,1013.0922182920667
35,ANKARA,2012/02,-1.0047291487532244,45.55081720834116,18.984263849967665,46.66522957533951,18.990950226244344,3.7300085984522786,1014.7570937231299
36,ANKARA,2012/03,3.6916788933137705,32.047161255214945,18.212891780011827,38.651685393258425,24.95164960182025,3.954726472437644,1017.6761685181303
37,ANKARA,2012/04,13.746451612903225,30.774211606643032,17.98607176581681,32.02785646836638,37.32062055591467,3.6744086021505376,1010.5550537634408
38,ANKARA,2012/05,15.7437876960193,37.08273602293672,16.226971428571428,44.016685714285714,46.5099675475197,3.446562123039807,1011.6566948130278
39,ANKARA,2012/06,21.1837986463621,86.42277318640954,18.457577652699605,50.50969355847405,68.23164377072477,4.075084602368866,1013.7011421319797
40,ANKARA,2012/07,23.85009215646119,118.31077471059662,17.829045643153528,52.12448132780083,68.52762430939227,4.484538193733361,1010.5861150931804
41,ANKARA,2012/08,21.44008801760352,104.29264039065225,17.943809148264986,56.04376971608833,56.127620783956246,4.379475895179036,1013.5933186637327
42,ANKARA,2012/09,18.733642972536348,123.12713807088697,51.676597493322376,74.34209985617423,43.28248315688162,4.067043618739903,1009.6793214862681
43,ANKARA,2012/10,12.56746729154462,82.189590443686,60.57716125836017,61.31954421600198,19.096796657381617,3.6766256590509667,1001.9326303456356
44,ANKARA,2012/11,5.033528918692372,113.37080568720378,94.89643497311293,69.39832702648874,17.279798545047566,3.6068734283319364,1003.3369656328583
45,ANKARA,2012/12,1.532599195944765,101.70078602620087,91.59181455994205,59.74755523361101,14.596958174904943,2.1146652683097362,1019.624033731553
46,ANKARA,2013/01,3.8529567519858783,70.3576345984113,55.66616710378419,49.924878231547396,26.610065851364062,1.4903052064631956,1024.4255957634598
47,ANKARA,2013/02,6.994341757827235,79.19445492267069,63.94269685433781,58.02945301542777,30.030102040816328,3.2376943005181347,1024.4713315729914
48,ANKARA,2013/03,5.303289115028166,72.34855059885436,52.65827081100393,74.75151839942836,36.0663192799621,2.489204650304484,1006.4003270943122
49,ANKARA,2013/04,12.43290734824281,81.14253275109171,47.566527860400555,83.65166534496431,42.2453531598513,2.8929712460063897,1010.2365992190273
50,ANKARA,2013/05,20.270010865628397,69.84090519458255,36.03305785123967,92.43784068929136,51.13059360730593,3.296993842810576,996.8448026077508
51,ANKARA,2013/06,22.30492628550881,52.20035938903863,19.64714468162744,66.97080824667032,64.79297693920336,3.4163969795037756,1009.3110391945344
52,ANKARA,2013/07,23.725834193326452,45.295907840440165,13.228423772609819,39.064254952627046,44.30598555211558,3.610423116615067,1011.5091159270726
53,ANKARA,2013/08,24.456226020230204,46.658752166377816,18.080581980973697,47.03805260212647,43.79788700045935,3.3685036623648412,1012.182943843739
54,ANKARA,2013/09,18.82753101240496,61.64811898512686,57.79557239728759,64.1852812126047,26.86082191780822,3.322529011604642,1026.9401760704282
55,ANKARA,2013/10,12.452338661930137,91.63911845730027,110.72237762237762,62.734965034965036,16.514756348661635,3.2226169330965067,1034.556147621867
56,ANKARA,2013/11,9.602437981180497,113.54109062980031,137.37030550690795,65.36816501264838,10.698070374574348,3.0767750213858,1031.6661676646706
57,ANKARA,2013/12,0.10265235877708039,111.62133666904933,134.0420579029734,74.58157276995306,9.306603773584905,2.9234662887224134,1038.1735169062563
58,ANKARA,2014/01,4.26122616362518,103.0426970289984,147.00419639110365,87.33256399496433,6.322932917316693,3.1213860980110724,1032.8882509739594
59,ANKARA,2014/02,7.10705318420452,81.09209744503862,121.01241060159866,76.49011358855701,9.463790446841294,3.132161606939055,1031.7660351517918
60,ANKARA,2014/03,9.758853959411063,58.55102395001735,37.259326004685526,55.71274103442062,25.696608040201006,3.037007560684441,1034.2319936331078
61,ANKARA,2014/04,14.69088669950739,54.637235389904106,23.284923664122136,47.991603053435114,40.18888888888889,3.0158045977011496,1033.0127257799672
62,ANKARA,2014/05,17.431818181818183,41.38343949044586,14.73616784255477,37.955811362792424,42.672046109510084,3.02756734006734,1034.2102272727273
63,ANKARA,2014/06,19.06431700517722,49.94706927175844,18.52037897747587,43.54969610296747,47.57036300348086,4.386101154918359,1022.5426125049781
64,ANKARA,2014/07,16.422937833649044,46.790189328743544,11.450222617987533,37.37181996086105,69.23785746709034,4.679008093680041,955.8289994833822
65,ANKARA,2014/08,16.111007636431367,49.21688988095238,18.103371242891956,47.51462225832656,67.7046281851274,3.9932948407524678,934.6882100949897
66,ANKARA,2014/09,10.805614783226723,48.664002841413605,27.73025604038947,50.75333573746845,45.110759493670884,2.8608742004264394,940.1977611940298
67,ANKARA,2014/10,5.9604763548498445,61.160812672176306,48.70318449290412,51.90325372101073,21.029121653358384,2.8738350017259235,944.6529168104936
68,ANKARA,2014/11,1.1854622171077867,89.40954388654657,71.27339378738182,64.52690453230473,26.510365251727542,3.225354813962409,950.5838128116609
69,ANKARA,2014/12,6.347896732262141,80.76931388438682,78.65313182811362,56.46941005098325,13.577990430622009,3.448998014081964,975.7104170427875
70,ANKARA,2015/01,1.776602364654636,62.197226821192054,43.017352185089976,56.96979434447301,18.138292011019285,2.899398465048745,971.6739265712508
71,ANKARA,2015/02,4.340886699507389,44.4069425377525,33.93542832544124,50.10503659061558,29.99501743896363,3.9655172413793105,971.7144827586206
72,ANKARA,2015/03,7.458036984352773,54.61670805250089,37.89708372530574,52.7394419306184,29.55678670360111,3.7243954480796586,974.3911806543385
73,ANKARA,2015/04,9.353551619252102,45.178845810255496,30.088312664411877,55.47471329197217,33.2080378250591,3.809447128287708,974.3707282161389
74,ANKARA,2015/05,12.011827321111769,45.846477392218716,21.275586049170954,45.81189251000572,43.82092457420924,3.867336881529667,1050.704711216243
75,ANKARA,2015/06,13.948778396913845,36.8296488946684,17.13523650760575,44.94165451135653,50.73463687150838,4.068366909558509,903.036005143592
76,ANKARA,2015/07,20.18933969769292,36.454404646660215,14.981199641897941,42.615040286481644,68.26440177252584,4.1994828957836114,969.851630867144
77,ANKARA,2015/08,24.169956927494617,44.98175313059034,14.491519174041297,46.192109144542776,71.99671207139502,5.665829145728643,1075.0488155061018
78,ANKARA,2015/09,22.905891210239037,59.86702925731433,36.79345758843667,67.21434005325219,44.42673107890499,5.995670995670996,1060.2512704686617
79,ANKARA,2015/10,14.351240376390077,57.673149095871715,53.245672907099966,62.72765807135288,30.177462887989204,5.669632164242943,1059.2473909324208
80,ANKARA,2015/11,8.959893992932862,93.60200845665962,108.905809052593,83.16452913155001,19.897632311977716,5.477031802120141,1061.0340989399294
81,ANKARA,2015/12,0.7231804070369093,107.06926778961842,112.04349376114082,80.41273794698452,18.006688963210703,4.8254570541566055,1067.6184891341843
82,ANKARA,2016/01,1.4513574660633484,60.896201579541184,56.26739175046173,65.9491073260825,23.457903313416622,5.380279034690799,1067.9370286576168
83,ANKARA,2016/02,8.139708561020036,80.80341259756761,67.04829436565734,62.45822154082024,21.385728542914173,4.278688524590164,1059.4781420765028
84,ANKARA,2016/03,8.852467532467532,60.39744254363228,38.46359447004608,54.73714285714286,38.10671936758893,3.9814718614718614,1055.4884848484849
85,ANKARA,2016/04,15.03861752777288,67.13648340066749,32.19318392294869,50.56507995537375,43.48548689138577,4.002997707635338,1055.971080938106
86,ANKARA,2016/05,15.979230630305219,53.42167806985956,22.176966292134832,46.014446227929376,50.45591182364729,4.145204984648727,1059.5369333574138
87,ANKARA,2016/06,22.222053520592144,56.127832326283986,21.031332655137334,44.49969481180061,49.53230586840545,3.513190358701841,1038.4568229265515
88,ANKARA,2016/07,25.04836716681377,37.906379310344825,14.571271929824562,40.67257445642244,77.61248033560567,1.8275375110326566,1010.3286849073257
89,ANKARA,2016/08,25.387592880594436,49.740158839779006,16.520494003937714,45.76713799892608,68.51000690131124,1.6602730257473648,1010.8545014688094
90,ANKARA,2016/09,18.47650208209399,50.740557642871266,36.00400641025641,53.10657051282051,50.156929347826086,1.4905810033710094,1012.733491969066
91,ANKARA,2016/10,13.630015909492665,78.65815877486358,73.02192564346997,68.21124880838894,39.973321067157315,1.2808909315891814,1014.0995227152201
92,ANKARA,2016/11,7.126229215090292,106.57593021185686,93.80798548094374,78.97604355716878,32.17548454688318,1.4114071160379045,1015.3452529948149
93,ANKARA,2016/12,0.08505550811272417,68.53507728894174,66.95742397137747,60.92003577817531,21.247123791992635,1.4387702818104184,1014.9680614859095
94,ANKARA,2017/01,-0.6767151767151767,56.23192148760331,41.569816904013315,71.13958217785172,27.029721079103794,1.6191961191961193,1013.3030145530146
95,ANKARA,2017/02,3.386836027713626,68.63711538461538,52.47788565264293,77.93701466781708,28.962705121829934,1.4782525019245574,1015.990377213241
96,ANKARA,2017/03,9.22420548541576,69.13758680555556,43.31378692927484,77.3661593554163,32.939181286549704,1.6473661297344362,1009.5685676969961
97,ANTALYA,2007/02,22.37030995106036,103.62969004893964,,,,2.8597063621533443,1021.4094616639478
98,ANTALYA,2007/03,16.515477792732167,91.29744279946165,,,,5.492597577388963,1037.78465679677
99,ANTALYA,2007/04,16.487046632124354,70.86528497409327,,,,5.829015544041451,1036.7772020725388
100,ANTALYA,2007/05,17.022727272727273,78.62272727272727,,,,5.045454545454546,1031.35
101,ANTALYA,2007/06,17.341843971631207,72.0950354609929,,,,5.058156028368795,1026.7617021276596
102,ANTALYA,2007/07,17.969818913480886,64.98591549295774,,,,3.995975855130785,1019.9557344064386
103,ANTALYA,2007/09,17.0,73.61617900172116,,,,5.089500860585198,1032.4406196213424
104,ANTALYA,2007/10,17.0,79.67967698519516,,,,5.278600269179004,1038.056527590848
105,ANTALYA,2007/11,17.94083694083694,78.2063492063492,,,,5.275613275613275,1038.994227994228
106,ANTALYA,2007/12,19.09480122324159,83.27522935779817,,,,5.651376146788991,1047.9908256880733
107,ANTALYA,2008/01,19.88472622478386,91.23919308357348,,,,5.876080691642652,1045.3515850144092
108,ANTALYA,2008/02,18.136494252873565,102.85919540229885,,,,5.925287356321839,1048.0689655172414
109,ANTALYA,2008/03,16.6996336996337,85.1025641025641,,,,5.5787545787545785,1036.2820512820513
110,ANTALYA,2008/04,16.442857142857143,45.86190476190476,,,,5.604761904761904,1037.4238095238095
111,ANTALYA,2008/05,16.897849462365592,57.88306451612903,,,,5.318548387096774,1033.4435483870968
112,ANTALYA,2008/06,17.5626423690205,71.47152619589977,,,,5.58997722095672,1030.0501138952163
113,ANTALYA,2008/07,17.197115384615383,68.98076923076923,,,,5.6875,1027.5264423076924
114,ANTALYA,2008/08,17.16915422885572,72.85240464344942,,,,5.416252072968491,1027.922056384743
115,ANTALYA,2008/09,17.004373177842567,63.018950437317784,,,,5.463556851311953,1032.5655976676385
116,ANTALYA,2008/10,16.935794542536115,56.41733547351525,,,,5.192616372391654,1038.0064205457463
117,ANTALYA,2008/11,16.48611111111111,80.49444444444444,,,,5.115277777777778,1039.8958333333333
118,ANTALYA,2008/12,16.288,104.19,,,,5.31,1041.122
119,ANTALYA,2009/01,23.10252100840336,93.47731092436975,,,,5.549579831932773,1039.6201680672268
120,ANTALYA,2009/02,19.81763826606876,60.270553064275035,,,,5.4050822122571,1031.7772795216742
121,ANTALYA,2009/03,16.247967479674795,53.24119241192412,,,,5.5894308943089435,1034.0948509485095
122,ANTALYA,2009/04,18.3643949930459,45.158553546592486,,,,5.426981919332406,1034.7190542420028
123,ANTALYA,2009/05,16.568627450980394,37.4733893557423,,,,5.375350140056023,1033.4957983193278
124,ANTALYA,2009/06,17.421585160202362,42.76222596964587,,,,5.482293423271501,1030.2816188870152
125,ANTALYA,2009/07,17.672506738544474,46.57681940700809,,,,5.2533692722371965,1024.4312668463613
126,ANTALYA,2009/08,17.10217983651226,48.05313351498638,,,,4.858310626702997,1024.5395095367846
127,ANTALYA,2009/09,16.8763197586727,41.01508295625943,,,,4.0165912518853695,1023.3378582202112
128,ANTALYA,2009/10,17.519536903039075,57.28943560057887,,,,3.5426917510853837,1033.4616497829234
129,ANTALYA,2009/11,16.554112554112553,69.17171717171718,,,,2.43001443001443,1036.2005772005773
130,ANTALYA,2009/12,16.25212464589235,104.83994334277621,,,,2.943342776203966,1039.4504249291786
131,ANTALYA,2010/01,16.127118644067796,123.21045197740114,,,,2.8206214689265536,1040.3813559322034
132,ANTALYA,2010/02,16.13949843260188,82.68338557993731,,,,3.029780564263323,1037.719435736677
133,ANTALYA,2010/03,16.533546325878593,58.305111821086264,,,,2.9808306709265175,1031.276357827476
134,ANTALYA,2010/04,16.675487465181057,51.991643454039,,,,2.8662952646239552,1018.0793871866296
135,ANTALYA,2010/05,17.05263157894737,50.59919028340081,,,,2.819163292847503,1014.9352226720648
136,ANTALYA,2010/06,17.817039106145252,47.273743016759774,,,,2.8840782122905027,1011.477653631285
137,ANTALYA,2010/07,19.05708661417323,43.94291338582677,,,,2.7913385826771653,1010.6456692913385
138,ANTALYA,2010/08,17.02015503875969,62.50387596899225,,,,2.7891472868217053,1010.7860465116279
139,ANTALYA,2010/09,17.360413589364846,52.97045790251108,,,,2.7488921713441656,1014.7090103397342
140,ANTALYA,2010/10,17.0,48.81104651162791,,,,2.738372093023256,1018.2194767441861
141,ANTALYA,2010/11,16.293871866295266,102.99303621169916,,,,2.5445682451253484,1021.3509749303621
142,ANTALYA,2010/12,16.73233695652174,109.0625,,,,2.6440217391304346,1018.4073569482289
143,ANTALYA,2011/01,16.618598382749326,79.83692722371967,,,,2.8598382749326148,1020.4285714285714
144,ANTALYA,2011/02,16.541864139020536,71.45497630331754,,,,2.859399684044234,1017.2037914691944
145,ANTALYA,2011/03,16.937669376693766,67.22222222222223,,,,2.817073170731707,1021.8075880758807
146,ANTALYA,2011/04,16.796373779637378,46.2510460251046,,,,2.8437935843793585,1013.9623430962343
147,ANTALYA,2011/05,16.519568151147098,40.49662618083671,,,,2.7813765182186234,1014.7948717948718
148,ANTALYA,2011/06,17.455431754874652,45.522284122562674,,,,2.7242339832869082,1009.6935933147632
149,ANTALYA,2011/07,18.248313090418353,63.1578947368421,,,,2.7044534412955468,1007.0836707152497
150,ANTALYA,2011/08,33.607287449392715,46.33198380566802,,,,2.854251012145749,1007.8137651821862
151,ANTALYA,2011/09,31.026425591098747,47.97079276773296,,,,2.8484005563282335,1011.6940194714882
152,ANTALYA,2011/10,23.817901234567902,52.120370370370374,,,,2.8641975308641974,1017.3472222222222
153,ANTALYA,2011/11,17.988826815642458,83.0391061452514,,,,2.819832402234637,1019.8379888268156
154,ANTALYA,2011/12,15.265498652291106,110.52830188679245,,,,2.734501347708895,1021.2196765498652
155,ANTALYA,2012/01,13.224021592442645,63.84885290148448,,,,2.997300944669366,1015.8488529014845
156,ANTALYA,2012/02,13.814868804664723,62.62244897959184,,,,3.0233236151603498,1017.1472303206997
157,ANTALYA,2012/03,17.167567567567566,44.58108108108108,,,,3.027027027027027,1019.6135135135136
158,ANTALYA,2012/04,20.702265372168284,47.85436893203884,,,,2.5533980582524274,1014.2119741100323
159,ANTALYA,2012/05,24.560646900269543,39.367924528301884,,,,2.835579514824798,1015.199460916442
160,ANTALYA,2012/06,30.521186440677965,47.72598870056497,,,,2.7062146892655368,1010.9759887005649
161,ANTALYA,2012/07,34.45391061452514,54.020949720670394,,,,2.7541899441340782,1007.891061452514
162,ANTALYA,2012/08,34.0310391363023,45.412955465587046,,,,2.739541160593792,1008.8164642375169
163,ANTALYA,2012/09,29.996661101836395,54.3322203672788,,,,2.5492487479131887,1012.6293823038397
164,ANTALYA,2012/10,23.819163292847502,44.79217273954116,,,,2.045883940620783,1010.6126855600539
165,ANTALYA,2012/11,15.123376623376624,56.753246753246756,,,,0.9642857142857143,998.1607142857143
166,ANTALYA,2012/12,-21.37361111111111,53.25694444444444,,,,0.9652777777777778,855.0319444444444
167,ANTALYA,2013/01,-33.7649063032368,39.124361158432706,,,,1.717206132879046,799.9778534923339
168,ANTALYA,2013/02,-38.863157894736844,45.529323308270676,,,,0.324812030075188,633.6436090225563
169,ANTALYA,2013/03,-40.0,48.40675675675676,,,,0.0,601.0
170,ANTALYA,2013/04,-40.0,38.16155988857939,,,,0.0,601.0
171,ANTALYA,2013/05,-40.0,36.43053645116919,,,,0.0,601.0
172,ANTALYA,2013/06,-40.0,37.22396576319544,,,,0.0,601.0
173,ANTALYA,2013/07,-40.0,37.23613086770982,,,,0.0,601.0
174,ANTALYA,2013/08,-40.0,38.29189189189189,,,,0.0,601.0
175,ANTALYA,2013/09,-40.0,37.80616740088106,,,,0.0,601.0
176,ANTALYA,2013/10,-40.0,38.00675675675676,,,,0.0,601.0
177,ANTALYA,2013/11,-40.0,55.360724233983284,,,,0.0,601.0
178,ANTALYA,2013/12,-40.0,78.29469273743017,,,,0.0,601.0
179,ANTALYA,2014/01,-40.0,97.04037685060565,,,,0.0,601.0
180,ANTALYA,2014/02,-40.0,87.29367469879519,,,,0.0,601.0
181,ANTALYA,2014/03,-40.0,54.11756756756757,,,,0.0,601.0
182,ANTALYA,2014/04,-40.0,33.22873082287308,,,,0.0,601.0
183,ANTALYA,2014/05,-40.0,36.08606557377049,,,,0.0,601.0
184,ANTALYA,2014/06,-40.0,42.10878661087866,,,,0.0,601.0
185,ANTALYA,2014/07,-40.0,42.30945945945946,,,,0.0,601.0
186,ANTALYA,2014/08,-40.0,48.31886024423338,,,,0.0,601.0
187,ANTALYA,2014/09,-40.0,37.31983240223464,,,,0.0,601.0
188,ANTALYA,2014/10,-40.0,36.336032388663966,,,,0.0,601.0
189,ANTALYA,2014/11,-40.0,57.562237762237764,,,,0.0,601.0
190,ANTALYA,2014/12,-40.0,71.47489823609227,,,,0.0,601.0
191,ANTALYA,2015/01,-40.0,69.51696065128901,,,,0.0,601.0
192,ANTALYA,2015/02,-40.0,43.95539033457249,,,,0.0,601.0
193,ANTALYA,2015/03,-40.0,45.336486486486486,,,,0.0,601.0
194,ANTALYA,2015/04,-40.0,36.567832167832165,,,,0.0,601.0
195,ANTALYA,2015/05,-40.0,40.61943319838057,,,,0.0,601.0
196,ANTALYA,2015/06,-40.0,32.40602582496413,,,,0.0,601.0
197,ANTALYA,2015/07,-40.0,37.68478260869565,,,,0.0,601.0
198,ANTALYA,2015/08,-40.0,43.637241379310346,,,,0.0,601.0
199,ANTALYA,2015/09,-40.0,46.82729805013928,,,,0.0,601.0
200,ANTALYA,2015/10,-40.0,38.39484396200814,,,,0.0,601.0
201,ANTALYA,2015/11,-40.0,54.24686192468619,,,,0.0,601.0
202,ANTALYA,2015/12,-40.0,88.65810810810811,,,,0.0,601.0
203,ANTALYA,2016/01,-40.0,59.833558863328825,,,,0.0,601.0
204,ANTALYA,2016/02,-40.0,67.3699421965318,,,,0.0,601.0
205,ANTALYA,2016/03,-40.0,45.26086956521739,,,,0.0,601.0
206,ANTALYA,2016/04,-40.0,49.41283124128312,,,,0.0,601.0
207,ANTALYA,2016/05,-40.0,34.73461012311901,,,,0.0,601.0
208,ANTALYA,2016/06,-40.0,42.18549511854951,,,,0.0,601.0
209,ANTALYA,2016/07,-38.26322930800543,43.3270013568521,,,,0.0,601.0
210,ANTALYA,2016/08,-30.0,53.68342391304348,,,,0.0,601.0
211,ANTALYA,2016/09,-30.0,47.798050139275766,,,,0.0,601.0
212,ANTALYA,2016/10,-30.0,60.83468834688347,,,,0.0,601.0
213,ANTALYA,2016/11,-30.0,68.69595536959554,,,,0.0,601.0
214,ANTALYA,2016/12,-30.0,65.19380888290713,,,,0.0,601.0
215,ANTALYA,2017/01,-30.0,58.580732700135684,,,,0.0,601.0
216,ANTALYA,2017/02,-30.0,77.07886904761905,,,,0.0,601.0
217,ANTALYA,2017/03,-30.0,49.69580419580419,,,,0.0,601.0
218,ISTANBUL,,,,,,,,
219,ISTANBUL,2007/01,,90.40693430656934,21.530364372469634,47.25101214574899,15.76595744680851,,
220,ISTANBUL,2007/02,,55.41468253968254,32.491968418186765,41.722297849169614,13.034901365705615,,
221,ISTANBUL,2007/03,,49.91138514482363,41.93795826283136,36.83220530174845,10.53446033810143,,
222,ISTANBUL,2007/04,,56.046100818612665,56.42602700373456,63.80465383510486,7.703865791393143,,
223,ISTANBUL,2007/05,,61.87668988119623,45.314900572051215,44.39607736311632,25.713126843657818,,
224,ISTANBUL,2007/06,,72.23231592651526,25.939190999196356,31.455397803375302,24.477333333333334,,
225,ISTANBUL,2007/07,,75.73021024410893,22.674569573807506,28.17132373694609,179.0361010830325,,
226,ISTANBUL,2007/08,,131.24954954954956,30.855589629216617,22.923334262614997,5.478354978354979,,
227,ISTANBUL,2007/09,,48.76863379143088,34.922374429223744,45.27882420091324,10.221556886227544,,
228,ISTANBUL,2007/10,,55.32820280669986,50.223287184948525,35.39048633297835,6.935887412040657,,
229,ISTANBUL,2007/11,,74.02907732293697,60.25782747603834,60.286900958466454,2.922043010752688,,
230,ISTANBUL,2007/12,,67.67909934685458,59.404936367142305,61.40647898187428,4.420238095238095,,
231,ISTANBUL,2008/01,,81.44041065317661,82.04745762711865,76.36813559322034,4.587301587301587,,
232,ISTANBUL,2008/02,,75.463827121829,64.18986384266263,75.7481089258699,,,
233,ISTANBUL,2008/03,,58.79723215674079,49.19861767915606,83.71771553292106,,,
234,ISTANBUL,2008/04,,71.10699457042479,52.22208663819402,64.32031726662599,,,
235,ISTANBUL,2008/05,,61.8750192159877,39.569721115537845,67.5330108138873,,,
236,ISTANBUL,2008/06,,54.00719631548647,29.599946695095948,55.78544776119403,34.029213483146066,,
237,ISTANBUL,2008/07,,47.11218424962853,24.532072578584206,48.7147968310759,31.171875,,
238,ISTANBUL,2008/08,,51.31681003061671,20.84238310708899,49.76923076923077,52.76127819548872,,
239,ISTANBUL,2008/09,,42.718547912992356,34.32096896290689,57.54226596013121,25.819409282700423,,
240,ISTANBUL,2008/10,,50.79152313913434,69.48179643901143,75.98644698378953,18.926490984743413,,
241,ISTANBUL,2008/11,,58.600697978769816,74.47360328036905,67.23782675551,16.110667996011966,,
242,ISTANBUL,2008/12,,60.12137578169414,79.33324258099645,64.96188401851347,13.923180592991914,,
243,ISTANBUL,2009/01,,74.70845354875938,73.22139864647116,67.86786980341604,14.725806451612904,,
244,ISTANBUL,2009/02,,57.41213258286429,52.89902177343011,61.9775954559798,27.317803660565723,,
245,ISTANBUL,2009/03,,66.40794797687862,45.88945640277271,69.93542502736227,29.766879886282872,,
246,ISTANBUL,2009/04,,56.712910867633994,39.25035714285714,56.71821428571429,44.85154826958106,,
247,ISTANBUL,2009/05,,51.1414204902577,37.85104052573932,80.82840452719971,36.200988467874794,,
248,ISTANBUL,2009/06,,45.21313916928678,23.988385944014293,73.86298443698504,,,
249,ISTANBUL,2009/07,,38.43544377833017,27.62696303454941,68.39608979000724,48.842213114754095,,
250,ISTANBUL,2009/08,,28.92331547786862,17.206341342581126,47.04689042448174,41.21633085896077,,
251,ISTANBUL,2009/09,,36.92717760180995,39.41744457409568,58.13056120965397,29.15950920245399,,
252,ISTANBUL,2009/10,,47.62632813578032,72.78445674044265,66.82293762575453,19.15275590551181,,
253,ISTANBUL,2009/11,,88.95709012611505,129.8453199365415,87.66498940677967,21.891202498698593,,
254,ISTANBUL,2009/12,,51.30906483989167,64.04066767830045,67.87565084226647,10.528980679546969,,
255,ISTANBUL,2010/01,,44.21254763998827,70.10545822102426,71.1010441226002,15.076466221232367,,
256,ISTANBUL,2010/02,,48.9923629143119,64.40781563126252,72.15631262525051,14.423019431988042,,
257,ISTANBUL,2010/03,,51.40750928345482,54.00903471231574,76.26533523537803,18.958129797627354,,
258,ISTANBUL,2010/04,,49.38956276445698,37.80395683453237,71.10041966426859,25.091776798825258,,
259,ISTANBUL,2010/05,,54.27410412440838,63.120927936821325,103.83757097013083,19.06405425772419,,
260,ISTANBUL,2010/06,,45.09900528442648,55.33387933387933,67.45929592959295,9.082058414464534,,
261,ISTANBUL,2010/07,,49.16478024401,31.05393478793822,52.522577495728584,16.346007604562736,,
262,ISTANBUL,2010/08,,50.04983108108108,25.316488730723606,59.69134045077106,23.022657054582904,,
263,ISTANBUL,2010/09,,41.79371486233242,40.493575757575755,53.88460606060606,18.17514395393474,,
264,ISTANBUL,2010/10,,39.20947867298578,57.14784795975405,74.40916713247624,11.565299387081565,,
265,ISTANBUL,2010/11,,79.4139302017376,102.33701935159588,91.50087961799447,9.144186046511628,,
266,ISTANBUL,2010/12,,55.34753330405504,71.91578629640809,60.50633675316838,7.34737923946557,,
267,ISTANBUL,2011/01,,68.45151388307521,91.19797596457938,59.24920936116382,8.602137020741672,,
268,ISTANBUL,2011/02,,55.989929667519185,64.0772772114436,49.747451496218346,11.526515151515152,,
269,ISTANBUL,2011/03,,58.72532963219986,53.24738478936952,53.41334464235228,11.949544498948844,,
270,ISTANBUL,2011/04,,38.37330054960949,32.522456461961504,45.20592728383746,18.604265402843602,,
271,ISTANBUL,2011/05,,46.63469416584263,26.65774099318403,45.16747809152872,34.50768049155146,,
272,ISTANBUL,2011/06,,40.90029448885149,3.062307692307692,45.98538461538462,35.842625264643615,,
273,ISTANBUL,2011/07,,45.790601243953006,18.08080808080808,65.97734925007653,40.40525195173882,,
274,ISTANBUL,2011/08,,35.55476935637502,24.085891089108912,62.769059405940595,48.266666666666666,,
275,ISTANBUL,2011/09,,37.71869198914751,26.700372670807454,62.20670807453416,48.673469387755105,,
276,ISTANBUL,2011/10,,37.87927292457949,50.7858455882353,68.04917279411765,31.836390315480557,,
277,ISTANBUL,2011/11,,48.524494068387995,64.6610251450677,68.83268858800774,18.361683848797252,,
278,ISTANBUL,2011/12,,68.8669674596664,95.30726897500573,75.7321715202935,16.48736176935229,,
279,ISTANBUL,2012/01,,46.43998908892526,54.70799536500579,66.57381228273465,19.72065378900446,,
280,ISTANBUL,2012/02,,59.078288707799764,48.881507188894396,75.48859692612791,27.699404761904763,,
281,ISTANBUL,2012/03,,55.207474580928825,40.5638493339458,78.56109324758843,37.47905559786748,,
282,ISTANBUL,2012/04,,60.17968861591201,43.35596066202926,79.90333413288559,27.91360136869119,,
283,ISTANBUL,2012/05,,53.87644106876441,29.40572846188543,55.11750112764998,30.72303409881698,,
284,ISTANBUL,2012/06,,56.3163179916318,30.920808174640037,55.61913608917789,41.46396081175647,,
285,ISTANBUL,2012/07,,58.32930800542741,20.757506824385807,49.92694583522986,46.10363391655451,,
286,ISTANBUL,2012/08,,43.613107511045655,22.755727155727154,53.62934362934363,43.91008174386921,,
287,ISTANBUL,2012/09,,52.56019514994978,41.547589616810875,59.8655129789864,36.30736842105263,,
288,ISTANBUL,2012/10,,55.906352235550706,60.78631284916201,60.007214335582965,22.09263157894737,,
289,ISTANBUL,2012/11,,44.896580835795696,49.16157894736842,52.807105263157894,15.91501416430595,,
290,ISTANBUL,2012/12,,52.61038062283737,60.86110410889841,61.987396017141414,14.042127071823204,,
291,ISTANBUL,2013/01,11.0,54.18694362017804,54.84711350293542,63.709882583170256,14.70716723549488,3.0,1025.0
292,ISTANBUL,2013/02,10.75,62.21523071958696,43.06312722563936,66.50469407575267,15.443097014925373,2.25,1012.75
293,ISTANBUL,2013/03,9.681547619047619,64.80671150861113,27.311304741428085,62.65925925925926,54.4775969962453,3.0238683127572017,1004.7554112554112
294,ISTANBUL,2013/04,13.31267846944603,67.99976305189163,36.97258893479795,70.36280217069562,55.043044619422574,2.5945317044793486,1008.3086807538549
295,ISTANBUL,2013/05,19.04001111419839,63.625473899095944,30.212141816415734,61.788190227039145,63.272245274319964,2.692136704640178,1004.6540705751597
296,ISTANBUL,2013/06,21.739354101171763,43.0432070591815,25.79711566761503,53.68460345161916,68.11474621121,2.864818519577022,1004.7970848813947
297,ISTANBUL,2013/07,23.631182795698926,41.89315465411083,20.99697979587586,45.978574799433694,72.81921979067555,3.536021505376344,1005.8905913978494
298,ISTANBUL,2013/08,24.911804248453887,45.738010073728006,28.77592763901737,43.60841848692228,77.14107485604606,3.7284216187147083,1005.8289862866362
299,ISTANBUL,2013/09,20.66784140969163,49.68559322033898,42.869932613113704,57.95335992635778,52.09776065494823,2.441409691629956,1006.4296622613804
300,ISTANBUL,2013/10,14.12160307438924,55.34901932084309,43.77067630356221,55.004752585965896,39.22232284355898,2.671883580450302,1013.3167718912983
301,ISTANBUL,2013/11,13.050378567268492,61.839420419747555,62.908801176759006,65.26763464112862,33.025368731563425,2.5652680652680653,1010.0707629586489
302,ISTANBUL,2013/12,6.266907876426385,70.78730204852535,70.07566188972552,65.7564372307384,30.321902017291066,2.7667687169496245,1017.8920122460339
303,ISTANBUL,2014/01,8.457158805470277,67.82196038745121,39.83527454242928,64.3467200894521,27.18045488627843,2.4733463578007258,1010.5350265140943
304,ISTANBUL,2014/02,8.236818043279488,60.96497212746485,36.578844589096825,67.92413946752812,33.1003302006604,2.7320938738189575,1012.302346845474
305,ISTANBUL,2014/03,9.744694330060184,60.27766828380837,50.884427032321256,71.6171321793863,39.96116248348745,2.6145074437757363,1009.6008869179601
306,ISTANBUL,2014/04,13.189596361569073,53.57883072220099,36.512784998934585,62.32074560556307,56.90850042360915,2.374644684479818,1005.6907333712337
307,ISTANBUL,2014/05,17.577446014396163,46.980119865516734,30.575635742285655,52.81640625,52.633914053426246,4.271127699280192,1005.2203298188699
308,ISTANBUL,2014/06,21.205955334987593,46.07944869389522,31.278562259306803,49.585310305560824,49.77418655097614,15.754342431761787,1005.3748606465998
309,ISTANBUL,2014/07,24.213145290047898,44.541702993315894,21.176485525647536,46.430136477578685,55.16514781062458,7.749334752527941,1004.0002813731007
310,ISTANBUL,2014/08,24.916438356164385,57.46213406090996,29.23884829316174,44.343515742128936,59.92175703500343,3.3706849315068492,1004.0128767123288
311,ISTANBUL,2014/09,20.763286411950588,48.32234432234432,37.81752295055564,49.565743393823624,56.23384791309319,3.01551278368285,1006.1755242746337
312,ISTANBUL,2014/10,16.053520320549513,45.0703506097561,44.82626310772164,45.455604660506225,53.07214170692431,3.403548941041786,1010.5629650829994
313,ISTANBUL,2014/11,11.798461156614545,66.46809600468316,104.48109640831758,48.020920066611154,27.51623062015504,21.463008937437934,1013.193982808023
314,ISTANBUL,2014/12,9.162090109304186,58.23558347207507,91.7280518878851,44.47878034792583,21.57920501272763,11.89229538789656,1009.9858717151737
315,ISTANBUL,2015/01,6.8832898172323755,56.12680788897005,94.12676949080921,53.780069040697676,31.342877854295036,12.408616187989557,1010.3053606511367
316,ISTANBUL,2015/02,6.67686739058901,57.78075987587017,63.16470971950424,49.074159639598015,41.25965665236051,5.267173051519155,1006.8012649800266
317,ISTANBUL,2015/03,8.119858989424207,57.36901062369011,53.75784903139613,59.5970036032619,37.55717299578059,18.606815511163337,1010.4126554894538
318,ISTANBUL,2015/04,11.311356170811825,56.576241134751776,55.25713717298319,64.88834672789896,41.33946078431372,25.3614825240441,987.4081575246132
319,ISTANBUL,2015/05,17.718413207979822,56.53552307914918,41.57427536231884,61.58108491905708,48.88137026855572,24.130474661774823,990.8603305785124
320,ISTANBUL,2015/06,20.47511421014667,45.124438884391786,30.847958115183246,51.87003610108303,52.126543929154046,25.900937725414764,981.9367198838897
321,ISTANBUL,2015/07,23.667910447761194,42.141863215751755,21.870349833652586,43.3180912532377,56.27489578508569,13.738511779799394,984.9431849986006
322,ISTANBUL,2015/08,25.05211480362538,46.435729219234375,22.41811427947121,43.30289746605367,51.261171032357474,11.219088390833543,986.5159620362382
323,ISTANBUL,2015/09,21.87132556849695,45.17117947858161,29.30159491545749,43.48543805204106,52.722469764481225,8.205988355974494,967.607482367372
324,ISTANBUL,2015/10,16.342212472579128,38.07826504481434,40.28908964558721,41.99124701602819,36.27939180016291,7.567220307113757,1009.5593832020998
325,ISTANBUL,2015/11,13.656634746922025,58.216887548607254,74.16151685393258,54.36902356902357,29.880010277492293,7.744733242134063,1012.2461040870332
326,ISTANBUL,2015/12,7.705963556046383,71.30605200582956,105.73128076238349,56.83299011532125,25.210727157091373,2.4632596685082873,1021.7219000276167
327,ISTANBUL,2016/01,6.1261378413524055,42.79779687891179,61.201026070568524,56.99811320754717,32.02004454342985,2.9203511053315996,1008.9140904653433
328,ISTANBUL,2016/02,10.082692898862588,59.41916991515708,73.36060859077837,55.35667131566713,27.448900615655234,2.832769750999078,1011.3830570902394
329,ISTANBUL,2016/03,10.33070200169157,65.37170280348018,65.76310122038765,60.627651923768425,32.8440578817734,2.7815729047072333,1006.3864148816234
330,ISTANBUL,2016/04,15.497796062297972,155.50643382352942,57.35117599351176,70.20036084799278,27.457816204155627,2.3382396231969387,1005.9144369303147
331,ISTANBUL,2016/05,17.91033891033891,43.45556684016758,22.434737479456793,44.28410469752124,37.34054966989099,2.264518695306285,1004.490990990991
332,ISTANBUL,2016/06,23.050204595530374,50.46038904220233,26.220191305994884,45.34004559270517,43.72117962466488,2.2140427269016194,1004.7231665092855
333,ISTANBUL,2016/07,26.377686068023337,35.48244135412277,13.204931506849315,28.169996334310852,47.74255611543747,3.4503570928441394,970.268639726807
334,ISTANBUL,2016/08,37.25399811853246,45.12301587301587,29.344118506968133,39.52757137270238,45.458093410108766,7.037093690248566,822.8448924731183
335,ISTANBUL,2016/09,30.706522911051213,37.65680238331678,38.70935960591133,48.40126050420168,36.18925028255683,5.542887151359552,874.9690766081242
336,ISTANBUL,2016/10,27.325484475932488,38.75399962356484,43.745319675026494,47.90860024774376,25.759860644519097,6.255330964015993,859.1848494321142
337,ISTANBUL,2016/11,22.32696297914164,54.474864306022226,62.28958333333333,52.20520860552217,20.34246901811249,6.176900251084227,856.8447259226906
338,ISTANBUL,2016/12,12.363265860616764,46.66188353301755,63.49210033026868,52.433557046979864,20.550543603978717,6.724137931034483,912.8960456583775
339,ISTANBUL,2017/01,11.285243811749709,32.54503715338609,44.05563560678834,51.06504651908887,22.49851662404092,-13.670444915254237,951.5774618220116
340,ISTANBUL,2017/02,8.038461538461538,48.405680399500625,54.28001474246752,55.29935424354244,26.312423275227104,-505.53595567867035,995.3464952207556
341,ISTANBUL,2017/03,9.90942276979238,57.70708169090662,60.622116301239274,60.39135424636572,27.747993189005108,-3980.6928769657725,1005.7662368672397
342,IZMIR,2007/01,6.3125,78.39583333333333,,,,1.6458333333333333,1006.8541666666666
343,IZMIR,2007/02,55.358372456964005,40.081377151799686,,,,741.0062695924765,1000.6309523809524
344,IZMIR,2007/03,13.676113360323887,79.12145748987854,,,,2.707152496626181,1003.3225371120108
345,IZMIR,2007/04,14.416184971098266,64.61849710982659,,,,2.46242774566474,1003.6473988439307
346,IZMIR,2007/08,29.623036649214658,167.6910994764398,,,,2.7958115183246073,995.6910994764398
347,IZMIR,2007/12,6.1893939393939394,115.8852140077821,2.3162393162393164,4.82051282051282,,2.409090909090909,1015.0075757575758
348,IZMIR,2008/01,7.190082644628099,89.84305373525557,41.21699544764795,47.661608497723826,,3.2892561983471076,1008.2066115702479
349,IZMIR,2008/02,8.970588235294118,84.09442870632672,59.5548686244204,84.34003091190108,,2.4101307189542482,1011.5490196078431
350,IZMIR,2008/03,15.68361581920904,47.61597444089457,22.205479452054796,71.27549467275495,,2.522598870056497,995.9887005649717
351,IZMIR,2008/04,18.708582834331338,58.96595041322314,18.11061946902655,63.8783185840708,,2.0139720558882237,1000.6806387225549
352,IZMIR,2008/05,26.570833333333333,41.24673202614379,9.38255033557047,40.34228187919463,,2.5791666666666666,1001.0541666666667
353,IZMIR,2008/06,29.17258064516129,44.16017912504306,17.637305699481864,44.80829015544042,,2.9016129032258067,998.6274193548387
354,IZMIR,2008/07,29.86111111111111,38.3452216066482,20.913522012578618,53.4874213836478,,2.7708333333333335,994.1875
355,IZMIR,2008/08,,59.016276300119095,35.8067940552017,67.5031847133758,,,
356,IZMIR,2008/09,,47.1921274601687,25.85655737704918,40.385245901639344,,,
357,IZMIR,2008/10,,50.900826446280995,2.541284403669725,2.353211009174312,,,
358,IZMIR,2008/11,,61.156949028236156,7.488372093023256,3.7286821705426356,,,
359,IZMIR,2008/12,,53.774643423137874,,,,,
360,IZMIR,2009/01,,75.36108349900596,,,,,
361,IZMIR,2009/02,,48.222673091554654,,,,,
362,IZMIR,2009/03,,60.70201005025125,,,,,
363,IZMIR,2009/04,,56.58920965451964,,,,,
364,IZMIR,2009/05,,45.58270852858482,,,,,
365,IZMIR,2009/06,,41.39320503682585,,,,,
366,IZMIR,2009/07,31.5,41.931113662456944,,,,8.85,99.8
367,IZMIR,2009/08,29.795321637426902,47.500111532455946,,,,3.134502923976608,1078.7105263157894
368,IZMIR,2009/09,25.231611893583725,46.67730936143831,,,,2.7167449139280127,1081.0140845070423
369,IZMIR,2009/10,21.89351851851852,45.362175253192426,,,,2.103395061728395,1081.5046296296296
370,IZMIR,2009/11,14.915032679738562,73.63978638184246,,,,2.0152505446623095,1084.5947712418301
371,IZMIR,2009/12,12.341421143847487,51.9957063995093,,,,1.9220103986135182,1079.4904679376084
372,IZMIR,2010/01,10.308625336927223,42.74692966133234,,,,2.252021563342318,1082.2654986522912
373,IZMIR,2010/02,12.400343642611684,52.453330674112486,,,,2.209621993127148,1078.6666666666667
374,IZMIR,2010/03,13.689320388349515,60.78603186365321,,,,2.1803051317614424,1084.117891816921
375,IZMIR,2010/04,18.4375,50.14338956453511,,,,2.3707386363636362,1022.8480113636364
376,IZMIR,2010/05,23.311231393775373,47.99158632778265,,,,2.024357239512855,1004.3125845737483
377,IZMIR,2010/06,27.37037037037037,42.010737546206656,,,,2.4118518518518517,1002.0711111111111
378,IZMIR,2010/07,30.960490463215258,44.14348283111423,,,,3.2220708446866486,1001.3215258855586
379,IZMIR,2010/08,32.62143826322931,60.62525458248472,,,,2.690637720488467,1000.7801899592945
380,IZMIR,2010/09,26.585185185185185,45.17782577393808,,,,2.1125925925925926,1004.4740740740741
381,IZMIR,2010/10,19.365682137834035,40.117909382804136,,,,2.350210970464135,1007.7862165963431
382,IZMIR,2010/11,17.97314375987362,65.08229336227166,,,,1.6856240126382307,1009.5497630331754
383,IZMIR,2010/12,12.927745664739884,57.53789689313759,,,,2.3439306358381504,997.0073313782991
384,IZMIR,2011/01,8.995588235294118,81.87306015693112,,,,2.05,1000.5994108983799
385,IZMIR,2011/02,10.266457680250785,69.91579371474617,,,,2.1786833855799372,996.9430379746835
386,IZMIR,2011/03,13.746543778801843,55.776088971269694,,,,2.338709677419355,1001.4097222222222
387,IZMIR,2011/04,14.991253644314869,39.741246957498596,,,,2.577259475218659,994.3175074183977
388,IZMIR,2011/05,24.329113924050635,46.222755818248984,,,,1.9915611814345993,997.2033898305085
389,IZMIR,2011/06,27.08506616257089,42.49560665544961,,,,2.8147448015122873,993.1034482758621
390,IZMIR,2011/07,30.539622641509435,46.09022118742724,,,,2.709433962264151,992.2480916030535
391,IZMIR,2011/08,,40.93716656787196,,,,,
392,IZMIR,2011/09,,45.45828092243187,,,,,
393,IZMIR,2011/10,15.217948717948717,41.226271525830995,,,,3.269230769230769,1002.9487179487179
394,IZMIR,2011/11,11.888268156424582,68.01003874603734,,,,2.636871508379888,1003.4469273743017
395,IZMIR,2011/12,10.136986301369863,75.18401979847975,,,,1.8904109589041096,1002.8234398782344
396,IZMIR,2012/01,7.775862068965517,55.0,,,,2.793103448275862,1001.8275862068965
397,IZMIR,2012/02,,63.73392598718214,,,,,
398,IZMIR,2012/03,,60.59389529007479,,,,,
399,IZMIR,2012/04,,35.23811500934191,,,,,
400,IZMIR,2012/05,22.48076923076923,56.76734317343173,,,,2.1675824175824174,993.4697802197802
401,IZMIR,2012/06,30.497470489038786,44.347647058823526,,,,2.9865092748735242,992.9359190556493
402,IZMIR,2012/07,32.691954022988504,45.11758496938991,,,,3.3770114942528737,990.0620689655173
403,IZMIR,2012/08,31.726837060702877,47.94285153181461,,,,3.4440894568690097,993.7939297124601
404,IZMIR,2012/09,27.56610800744879,42.334644039735096,,,,2.5512104283054002,995.2700186219739
405,IZMIR,2012/10,23.307692307692307,39.90770042194093,,,,2.0184615384615383,997.7815384615385
406,IZMIR,2012/11,17.137123745819398,44.721436759648455,,,,2.289297658862876,1000.4113712374582
407,IZMIR,2012/12,11.119214586255259,49.72098853868195,,,,2.061711079943899,997.8877980364656
408,IZMIR,2013/01,9.761087267525037,48.903632049644095,,,,2.223175965665236,998.2618025751073
409,IZMIR,2013/02,11.24375,53.73979372582725,,,,1.9833333333333334,997.3645833333334
410,IZMIR,2013/03,14.555384615384616,41.287716709701215,,,,2.4061538461538463,995.743076923077
411,IZMIR,2013/04,19.009727626459146,35.61602893584618,,,,2.8035019455252916,998.2762645914397
412,IZMIR,2013/05,24.94811320754717,51.34749855128453,,,,2.2845911949685536,995.0015723270441
413,IZMIR,2013/06,27.778929188255614,30.247951210215362,,,,2.464594127806563,993.545768566494
414,IZMIR,2013/07,30.745428973277075,29.96054276022139,,,,3.6511954992967652,992.5175808720113
415,IZMIR,2013/08,31.298221614227085,36.21493624772313,,,,3.2489740082079344,992.5581395348837
416,IZMIR,2013/09,25.787446504992868,32.73885714285714,,,,2.630527817403709,996.3794579172611
417,IZMIR,2013/10,18.842335766423357,46.536268920778454,,,,2.2656934306569343,1001.2788321167883
418,IZMIR,2013/11,16.41320754716981,53.44342563726389,,,,1.8320754716981131,999.3924528301886
419,IZMIR,2013/12,,99.51141552511416,38.88577586206897,52.05100574712644,,,
420,IZMIR,2014/01,,73.32778120501747,27.624250214224507,39.362896315338475,,,
421,IZMIR,2014/02,,71.32222719141323,23.646315789473686,35.71621052631579,,,
422,IZMIR,2014/03,,39.52664896875638,14.723479804704837,26.754993342210387,,,
423,IZMIR,2014/04,,31.16629711751663,10.753139887397142,24.922044174967517,,,
424,IZMIR,2014/05,25.354545454545455,28.63355365474339,8.604951560818083,17.432723358449945,,1.990909090909091,992.3545454545455
425,IZMIR,2014/06,26.713276836158194,31.472823123068533,7.447584320875114,13.354603463992708,,2.4505649717514126,994.2443502824859
426,IZMIR,2014/07,29.80658436213992,32.28965993440359,0.39111111111111113,8.273333333333333,,2.877914951989026,991.5829903978052
427,IZMIR,2014/08,30.697902097902098,33.56855607557635,2.6639954207212364,6.206067544361763,,2.8181818181818183,991.5286713286713
428,IZMIR,2014/09,25.422031473533618,31.40519662921348,4.676969960818459,39.686983021332175,,2.5450643776824036,995.0586552217453
429,IZMIR,2014/10,3.3588652482269503,36.62705761316872,1.690884167237834,2.0860178204249484,,1.0539007092198582,997.7475177304965
430,IZMIR,2014/11,3.4717514124293785,51.73212983223924,3.1104041916167664,2.6740269461077846,,1.3248587570621468,999.3855932203389
431,IZMIR,2014/12,12.981715893108298,55.07584471603163,7.9035907525823905,4.708312838170192,,1.7707454289732771,1001.6947960618846
432,IZMIR,2015/01,9.300835654596101,50.38457484188334,4.852692177446665,5.178462580426685,,2.554317548746518,1001.5863509749304
433,IZMIR,2015/02,10.0944,36.33618971701873,3.527879527879528,4.633699633699634,,2.92,997.7232
434,IZMIR,2015/03,12.701680672268907,37.29286126611507,4.243478260869566,5.653359683794466,,2.2675070028011204,1001.563025210084
435,IZMIR,2015/04,16.275510204081634,26.390274765003614,3.308098591549296,7.123110947290822,,2.759475218658892,1000.5160349854227
436,IZMIR,2015/05,24.13892709766162,30.46980102130657,3.1340909090909093,7.184848484848485,,2.5199449793672626,996.5103163686382
437,IZMIR,2015/06,26.576923076923077,26.760938372742505,2.1305732484076434,7.1050955414012735,,2.868945868945869,995.5441595441596
438,IZMIR,2015/07,31.27513966480447,32.712346358466334,2.781354051054384,13.83573806881243,,3.2737430167597767,993.9650837988827
439,IZMIR,2015/08,31.751592356687897,39.71637186343069,0.3783783783783784,3.3663663663663663,,1.6709129511677283,993.0212314225053
440,IZMIR,2015/09,27.562770562770563,42.767418445428916,1.07908611599297,3.9015817223198592,,0.0,989.922077922078
441,IZMIR,2015/10,21.39054054054054,34.64276928483571,0.5351617440225035,1.1870604781997187,,0.0,992.7756756756756
442,IZMIR,2015/11,17.124269005847953,51.32843404100889,0.6034965034965035,1.2965034965034965,,0.0,995.7105263157895
443,IZMIR,2015/12,10.191374663072777,80.9005291005291,0.7761294672960216,1.5380984490896832,,0.0,1002.4743935309973
444,IZMIR,2016/01,8.38961038961039,45.001090314373975,0.6201657458563536,1.5103591160220995,,0.0,996.4508348794063
445,IZMIR,2016/02,14.459654178674352,43.04140007527286,43.55366027007818,8.783937455579247,,0.0,994.8126801152738
446,IZMIR,2016/03,14.464864864864865,34.584626111207946,12.861930294906166,9.349195710455763,,0.0,989.0472972972973
447,IZMIR,2016/04,20.414225941422593,38.238992571117954,80.70582617000954,61.548233046800384,,0.0,988.997210599721
448,IZMIR,2016/05,21.98650472334683,29.666724678036896,53.275739644970415,76.53727810650888,,0.0,987.7881241565452
449,IZMIR,2016/06,29.574022346368714,35.97284981963167,59.39970609845702,78.92946362968405,,0.0,989.6103351955308
450,IZMIR,2016/07,31.514864864864865,35.91680786174178,24.527397260273972,46.81963470319635,,0.0,996.9364864864865
451,IZMIR,2016/08,31.31039136302294,40.06573014221297,20.828584995251664,35.295346628679965,,0.0,1008.3441295546559
452,IZMIR,2016/09,26.375876577840113,37.92450142450142,27.135416666666668,39.33779761904762,,0.0,1012.3506311360449
453,IZMIR,2016/10,20.65718157181572,42.002563664330886,53.0622691292876,89.01213720316623,,0.0,1015.3888888888889
454,IZMIR,2016/11,14.737430167597765,60.27593322078409,102.80558789289871,94.37019790454016,,0.0,1018.8016759776536
455,IZMIR,2016/12,7.322537112010796,55.51668107173725,36.904007455731595,62.92590866728798,,0.0,1021.6194331983805
456,IZMIR,2017/01,6.643243243243243,60.03626195201154,8.151636073423782,25.801276935355148,,0.0,1016.9608108108108
457,IZMIR,2017/02,10.90922619047619,49.424578709412245,13.094488188976378,34.0485564304462,,0.0,1019.3169642857143
458,IZMIR,2017/03,13.961267605633802,43.9059829059829,11.619447779111646,35.01200480192077,,0.0,1008.6161971830986
